{"cameraMode":{"drawMode":0,"name":"Shaded","section":"Shading Mode"},"sceneLighting":false,"audioPlay":false,"sceneViewState":{"showFog":false,"showMaterialUpdate":false,"showSkybox":false,"showFlares":false,"showImageEffects":false,"showParticleSystems":false},"in2DMode":false,"pivot":{"x":0.37792688608169558,"y":0.5213329792022705,"z":-1.7434660196304322},"rotation":{"x":-0.34129786491394045,"y":-0.007898613810539246,"z":0.0028676085639744999,"w":-0.9399181008338928},"size":10.440193176269532,"orthographic":false}