{"cameraMode":{"drawMode":0,"name":"Shaded","section":"Shading Mode"},"sceneLighting":true,"audioPlay":false,"sceneViewState":{"showFog":false,"showMaterialUpdate":false,"showSkybox":false,"showFlares":false,"showImageEffects":false,"showParticleSystems":false},"in2DMode":false,"pivot":{"x":-0.12437404692173004,"y":-0.7304342985153198,"z":0.6185828447341919},"rotation":{"x":-0.3562280535697937,"y":0.2890651226043701,"z":-0.11690396070480347,"w":-0.8808388710021973},"size":3.4754137992858888,"orthographic":false}