{"cameraMode":{"drawMode":0,"name":"Shaded","section":"Shading Mode"},"sceneLighting":false,"audioPlay":false,"sceneViewState":{"showFog":false,"showMaterialUpdate":false,"showSkybox":false,"showFlares":false,"showImageEffects":false,"showParticleSystems":false},"in2DMode":false,"pivot":{"x":0.149737149477005,"y":-0.07211314141750336,"z":-1.0964667797088624},"rotation":{"x":-0.3562280535697937,"y":0.2890651226043701,"z":-0.11690396070480347,"w":-0.8808388710021973},"size":1.6701467037200928,"orthographic":false}