{"cameraMode":{"drawMode":0,"name":"Shaded","section":"Shading Mode"},"sceneLighting":true,"audioPlay":false,"sceneViewState":{"showFog":false,"showMaterialUpdate":false,"showSkybox":false,"showFlares":false,"showImageEffects":false,"showParticleSystems":false},"in2DMode":false,"pivot":{"x":3.610218048095703,"y":-0.3606407344341278,"z":1.6265853643417359},"rotation":{"x":-0.34129786491394045,"y":-0.007898613810539246,"z":0.0028676085639744999,"w":-0.9399181008338928},"size":12.18470287322998,"orthographic":false}