{"cameraMode":{"drawMode":0,"name":"Shaded","section":"Shading Mode"},"sceneLighting":false,"audioPlay":false,"sceneViewState":{"showFog":false,"showMaterialUpdate":false,"showSkybox":false,"showFlares":false,"showImageEffects":false,"showParticleSystems":false},"in2DMode":false,"pivot":{"x":0.32898056507110598,"y":-0.012829601764678955,"z":-1.2885386943817139},"rotation":{"x":0.24718798696994782,"y":-0.2702878415584564,"z":0.07201752066612244,"w":0.9277160167694092},"size":1.970742106437683,"orthographic":false}