{"cameraMode":{"drawMode":0,"name":"Shaded","section":"Shading Mode"},"sceneLighting":true,"audioPlay":false,"sceneViewState":{"showFog":false,"showMaterialUpdate":false,"showSkybox":false,"showFlares":false,"showImageEffects":false,"showParticleSystems":false},"in2DMode":false,"pivot":{"x":0.6557201147079468,"y":-4.089896202087402,"z":10.146113395690918},"rotation":{"x":-0.2612316310405731,"y":0.00926328543573618,"z":-0.0025068277027457954,"w":-0.9652305245399475},"size":15.017538070678711,"orthographic":false}