{"cameraMode":{"drawMode":0,"name":"Shaded","section":"Shading Mode"},"sceneLighting":true,"audioPlay":false,"sceneViewState":{"showFog":false,"showMaterialUpdate":false,"showSkybox":false,"showFlares":false,"showImageEffects":false,"showParticleSystems":false},"in2DMode":false,"pivot":{"x":0.5111735463142395,"y":-0.6791585683822632,"z":1.593995213508606},"rotation":{"x":-0.2684418261051178,"y":-0.015318835154175759,"z":0.0042690131813287739,"w":-0.9631651043891907},"size":12.38994312286377,"orthographic":false}