{"cameraMode":{"drawMode":0,"name":"Shaded","section":"Shading Mode"},"sceneLighting":true,"audioPlay":false,"sceneViewState":{"showFog":false,"showMaterialUpdate":false,"showSkybox":false,"showFlares":false,"showImageEffects":false,"showParticleSystems":false},"in2DMode":false,"pivot":{"x":-0.5527257919311523,"y":-1.5224087238311768,"z":0.932568371295929},"rotation":{"x":-0.3662048876285553,"y":0.0410139299929142,"z":-0.01615935005247593,"w":-0.92948979139328},"size":17.82960319519043,"orthographic":false}